Company Name,contact_email@domain.com,cc_contact@domain.com
Company Name,contact_email@domain.com,cc_contact@domain.com
Company Name,contact_email@domain.com,cc_contact@domain.com
Company Name,contact_email@domain.com,cc_contact@domain.com
Company Name,contact_email@domain.com,cc_contact@domain.com
Company Name,contact_email@domain.com,cc_contact@domain.com
Company Name,contact_email@domain.com,cc_contact@domain.com
Company Name,contact_email@domain.com,cc_contact@domain.com
Company Name,contact_email@domain.com,cc_contact@domain.com
Company Name,contact_email@domain.com,cc_contact@domain.com

